x	y	rg	rg.SE	partial_rg	partial_rg.SE	rg_cov	diff.T	diff.P
OA	T2D	0.2215570247824409	0.02076907849942074	-0.01886781150232594	0.029610743524135435	4.507507277224077e-4	11.922554473015362	9.029679508125013e-33
OA	BPH	0.12949931817147323	0.03327598036977198	0.14634480036666933	0.03435471630205327	0.001058845168496721	-1.2925710479522166	0.19615945839530463
T2D	BPH	0.0461693609401229	0.03030614315270883	0.05811962967419771	0.03154903442109675	8.19233887130671e-4	-0.7201883376940957	0.4714090434280592
