condition.1	condition.2	rg	rg.SE	partial_rg	partial_rg.SE	rg_cov	diff.T	diff.P
OA	T2D	0.2215570247824409	0.02076907849942074	-0.018867811502325877	0.02961074352413543	4.507507277224073e-4	11.922554473015351	9.029679508126168e-33
OA	BPH	0.12949931817147323	0.03327598036977198	0.14634480036666933	0.03435471630205327	0.001058845168496721	-1.2925710479522166	0.19615945839530463
OA	CHD	0.19643920321027752	0.02120525947446413	0.08302117345475164	0.0255442748716722	4.916944787376827e-4	10.406460334037476	2.316762637831636e-25
T2D	BPH	0.0461693609401229	0.03030614315270883	0.05811962967419771	0.03154903442109675	8.19233887130671e-4	-0.7201883376940957	0.4714090434280592
T2D	CHD	0.37047220447993623	0.017339737955649605	0.26757795585898747	0.023025546336615504	3.4017487694973825e-4	8.38752080199434	4.9650134601913144e-17
BPH	CHD	-7.326978613813542e-4	0.025337986785127553	7.375748154999016e-4	0.025303066669985583	6.064339403701137e-4	-0.1765008088285942	0.8599005133035794
